DELIMITER $$
DROP PROCEDURE IF EXISTS SP_INV_INSERTAR_DATOS_PRUEBA_REPORTE_STOCK$$

CREATE PROCEDURE `SP_INV_INSERTAR_DATOS_PRUEBA_REPORTE_STOCK` ()
BEGIN
    DECLARE ID_ALMACEN_CENTRAL INT;
    DECLARE ID_ALMACEN_SURCO INT;
    DECLARE ID_ALMACEN_SAN_MIGUEL INT;
    DECLARE ID_PRODUCTO1 INT;
    DECLARE ID_PRODUCTO2 INT;
    DECLARE ID_PRODUCTO3 INT;
    DECLARE ID_PRODUCTO4 INT;
    DECLARE ID_PRODUCTO5 INT;
    DECLARE ID_PRODUCTO6 INT;
    DECLARE ID_PRODUCTO7 INT;
    DECLARE ID_PRODUCTO8 INT;
    DECLARE ID_PRODUCTO9 INT;
    DECLARE ID_PRODUCTO10 INT;

	DELETE FROM INV_REPORTES_STOCKS;
    DELETE FROM INV_MOVIMIENTOS;
	DELETE FROM INV_PRODUCTOS;
    DELETE FROM INV_TIPOS_PRODUCTOS;
    DELETE FROM INV_TIPOS_DOCUMENTOS;
    DELETE FROM INV_ALMACENES;
    DELETE FROM INV_TIPOS_MOVIMIENTOS;

    INSERT INTO INV_TIPOS_MOVIMIENTOS(TIPO_MOVIMIENTO_ID, NOMBRE, DESCRIPCION, TIPO_OPERACION) VALUES (1, "Ingreso por compra", "Ingreso por compras de productos en lote", "ENTRADA");
    INSERT INTO INV_TIPOS_MOVIMIENTOS(TIPO_MOVIMIENTO_ID, NOMBRE, DESCRIPCION, TIPO_OPERACION) VALUES (2, "Ingreso por transferencia", "Ingreso por transferencia interna entre almacenes", "ENTRADA");
    INSERT INTO INV_TIPOS_MOVIMIENTOS(TIPO_MOVIMIENTO_ID, NOMBRE, DESCRIPCION, TIPO_OPERACION) VALUES (3, "Salida por venta", "Salida por venta de productos en tiendas", "SALIDA");
    INSERT INTO INV_TIPOS_MOVIMIENTOS(TIPO_MOVIMIENTO_ID, NOMBRE, DESCRIPCION, TIPO_OPERACION) VALUES (4, "Salida por transferencia", "Salida por transferencia interna entre almacenes", "SALIDA");

    INSERT INTO INV_ALMACENES(NOMBRE, ALMACEN_CENTRAL) VALUES ("Almacen Central", 1);
    SET ID_ALMACEN_CENTRAL = LAST_INSERT_ID();
    INSERT INTO INV_ALMACENES(NOMBRE, ALMACEN_CENTRAL) VALUES ("Almacen Tienda Surco", 0);
    SET ID_ALMACEN_SURCO = LAST_INSERT_ID();
    INSERT INTO INV_ALMACENES(NOMBRE, ALMACEN_CENTRAL) VALUES ("Almacen Tiene San Miguel", 0);
    SET ID_ALMACEN_SAN_MIGUEL = LAST_INSERT_ID();

    INSERT INTO INV_TIPOS_DOCUMENTOS(TIPO_DOCUMENTO_ID, NOMBRE) VALUES (1, 'Orden de Compra');
    INSERT INTO INV_TIPOS_DOCUMENTOS(TIPO_DOCUMENTO_ID, NOMBRE) VALUES (2, 'Boleta');
    INSERT INTO INV_TIPOS_DOCUMENTOS(TIPO_DOCUMENTO_ID, NOMBRE) VALUES (3, 'Factura');
    INSERT INTO INV_TIPOS_DOCUMENTOS(TIPO_DOCUMENTO_ID, NOMBRE) VALUES (4, 'Guía de Remisión');
    
	INSERT INTO INV_TIPOS_PRODUCTOS (TIPO_PRODUCTO_ID, NOMBRE, DESCRIPCION) VALUES (1, "Laptop", "Computadores personales");
    INSERT INTO INV_TIPOS_PRODUCTOS (TIPO_PRODUCTO_ID, NOMBRE, DESCRIPCION) VALUES (2, "Smartphone", "Teléfonos inteligentes");
    INSERT INTO INV_TIPOS_PRODUCTOS (TIPO_PRODUCTO_ID, NOMBRE, DESCRIPCION) VALUES (3, "Televisor", "Televisores de última generación");
    
    INSERT INTO INV_PRODUCTOS (TIPO_PRODUCTO_ID, NOMBRE, MARCA, MODELO) VALUES (1, "MacBook Pro 16", "Apple", "MK183LL/A");
    SET ID_PRODUCTO1 = LAST_INSERT_ID();
    INSERT INTO INV_PRODUCTOS (TIPO_PRODUCTO_ID, NOMBRE, MARCA, MODELO) VALUES (1, "ThinkPad X1 Carbon", "Lenovo", "21HM000BUS");
    SET ID_PRODUCTO2 = LAST_INSERT_ID();
    INSERT INTO INV_PRODUCTOS (TIPO_PRODUCTO_ID, NOMBRE, MARCA, MODELO) VALUES (1, "XPS 15", "Dell", "9530-7523SLV");
    SET ID_PRODUCTO3 = LAST_INSERT_ID();
    INSERT INTO INV_PRODUCTOS (TIPO_PRODUCTO_ID, NOMBRE, MARCA, MODELO) VALUES (2, "Galaxy S24 Ultra", "Samsung", "SM-S928BZKJ");
    SET ID_PRODUCTO4 = LAST_INSERT_ID();
    INSERT INTO INV_PRODUCTOS (TIPO_PRODUCTO_ID, NOMBRE, MARCA, MODELO) VALUES (2, "iPhone 15 Pro Max", "Apple", "A3102");
    SET ID_PRODUCTO5 = LAST_INSERT_ID();
    INSERT INTO INV_PRODUCTOS (TIPO_PRODUCTO_ID, NOMBRE, MARCA, MODELO) VALUES (2, "Pixel 8 Pro", "Google", "G1HZ5");    
    SET ID_PRODUCTO6 = LAST_INSERT_ID();
    INSERT INTO INV_PRODUCTOS (TIPO_PRODUCTO_ID, NOMBRE, MARCA, MODELO) VALUES (3, 'OLED C3 55"', "LG", "OLED55C3PUA");
    SET ID_PRODUCTO7 = LAST_INSERT_ID();
    INSERT INTO INV_PRODUCTOS (TIPO_PRODUCTO_ID, NOMBRE, MARCA, MODELO) VALUES (3, 'BRAVIA XR A80L 65"', "Sony", "XR65A80L");
    SET ID_PRODUCTO8 = LAST_INSERT_ID();
    INSERT INTO INV_PRODUCTOS (TIPO_PRODUCTO_ID, NOMBRE, MARCA, MODELO) VALUES (3, 'The Frame 55"', "Samsung", "QN55LS03BAFXZA");
    SET ID_PRODUCTO9 = LAST_INSERT_ID();
    INSERT INTO INV_PRODUCTOS (TIPO_PRODUCTO_ID, NOMBRE, MARCA, MODELO) VALUES (3, 'P-Series Quantum 75"', "Vizio", "P75Q9-J01");
    SET ID_PRODUCTO10 = LAST_INSERT_ID();
    
    #COMPRAS DE LA TIENDA, CARGA A ALMACEN CENTRAL
    INSERT INTO INV_MOVIMIENTOS (TIPO_MOVIMIENTO_ID, FECHA_MOVIMIENTO, FECHA_CREACION, TIPO_DOCUMENTO_ID, NUMERO_DOCUMENTO, ALMACEN_ID, PRODUCTO_ID, CANTIDAD, VALOR)
    VALUES (1,  STR_TO_DATE('2025-01-15 12:30:00','%Y-%m-%d %H:%i:%s'), NOW(), 1, "54556481K", ID_ALMACEN_CENTRAL, ID_PRODUCTO1, 100, 8899);
    INSERT INTO INV_MOVIMIENTOS (TIPO_MOVIMIENTO_ID, FECHA_MOVIMIENTO, FECHA_CREACION, TIPO_DOCUMENTO_ID, NUMERO_DOCUMENTO, ALMACEN_ID, PRODUCTO_ID, CANTIDAD, VALOR)
    VALUES (1,  STR_TO_DATE('2025-01-20 12:30:00','%Y-%m-%d %H:%i:%s'), NOW(), 1, "90342414R", ID_ALMACEN_CENTRAL, ID_PRODUCTO1, 500, 8899);
    INSERT INTO INV_MOVIMIENTOS (TIPO_MOVIMIENTO_ID, FECHA_MOVIMIENTO, FECHA_CREACION, TIPO_DOCUMENTO_ID, NUMERO_DOCUMENTO, ALMACEN_ID, PRODUCTO_ID, CANTIDAD, VALOR)
    VALUES (1,  STR_TO_DATE('2025-01-25 12:30:00','%Y-%m-%d %H:%i:%s'), NOW(), 1, "06128590X", ID_ALMACEN_CENTRAL, ID_PRODUCTO1, 100, 8899);

    #TRANSFERENCIA A TIENDA DE SURCO

    #TRANSFERENCIA A TIENDA DE SAN MIGUEL

    #VENTAS EN TIENDA DE SURCO

    #VENTAS EN TIENDA DE SAN MIGUEL

    #COMPRAS DE LA TIENDA, CARGA A ALMACEN CENTRAL
    INSERT INTO INV_MOVIMIENTOS (TIPO_MOVIMIENTO_ID, FECHA_MOVIMIENTO, FECHA_CREACION, TIPO_DOCUMENTO_ID, NUMERO_DOCUMENTO, ALMACEN_ID, PRODUCTO_ID, CANTIDAD, VALOR)
    VALUES (1,  STR_TO_DATE('2025-01-17 14:30:00','%Y-%m-%d %H:%i:%s'), NOW(), 1, "14768574K", ID_ALMACEN_CENTRAL, ID_PRODUCTO2, 150, 3927);
    INSERT INTO INV_MOVIMIENTOS (TIPO_MOVIMIENTO_ID, FECHA_MOVIMIENTO, FECHA_CREACION, TIPO_DOCUMENTO_ID, NUMERO_DOCUMENTO, ALMACEN_ID, PRODUCTO_ID, CANTIDAD, VALOR)
    VALUES (1,  STR_TO_DATE('2025-01-22 14:30:00','%Y-%m-%d %H:%i:%s'), NOW(), 1, "94758272C", ID_ALMACEN_CENTRAL, ID_PRODUCTO2, 50, 3927);
    INSERT INTO INV_MOVIMIENTOS (TIPO_MOVIMIENTO_ID, FECHA_MOVIMIENTO, FECHA_CREACION, TIPO_DOCUMENTO_ID, NUMERO_DOCUMENTO, ALMACEN_ID, PRODUCTO_ID, CANTIDAD, VALOR)
    VALUES (1,  STR_TO_DATE('2025-01-27 14:30:00','%Y-%m-%d %H:%i:%s'), NOW(), 1, "12514242B", ID_ALMACEN_CENTRAL, ID_PRODUCTO2, 300, 3927);

    #COMPRAS DE LA TIENDA, CARGA A ALMACEN CENTRAL
    INSERT INTO INV_MOVIMIENTOS (TIPO_MOVIMIENTO_ID, FECHA_MOVIMIENTO, FECHA_CREACION, TIPO_DOCUMENTO_ID, NUMERO_DOCUMENTO, ALMACEN_ID, PRODUCTO_ID, CANTIDAD, VALOR)
    VALUES (1,  STR_TO_DATE('2025-01-05 16:30:00','%Y-%m-%d %H:%i:%s'), NOW(), 1, "77610743A", ID_ALMACEN_CENTRAL, ID_PRODUCTO3, 50, 7686);
    INSERT INTO INV_MOVIMIENTOS (TIPO_MOVIMIENTO_ID, FECHA_MOVIMIENTO, FECHA_CREACION, TIPO_DOCUMENTO_ID, NUMERO_DOCUMENTO, ALMACEN_ID, PRODUCTO_ID, CANTIDAD, VALOR)
    VALUES (1,  STR_TO_DATE('2025-01-09 16:30:00','%Y-%m-%d %H:%i:%s'), NOW(), 1, "47257462Y", ID_ALMACEN_CENTRAL, ID_PRODUCTO3, 60, 7686);
    INSERT INTO INV_MOVIMIENTOS (TIPO_MOVIMIENTO_ID, FECHA_MOVIMIENTO, FECHA_CREACION, TIPO_DOCUMENTO_ID, NUMERO_DOCUMENTO, ALMACEN_ID, PRODUCTO_ID, CANTIDAD, VALOR)
    VALUES (1,  STR_TO_DATE('2025-01-14 16:30:00','%Y-%m-%d %H:%i:%s'), NOW(), 1, "62273414V", ID_ALMACEN_CENTRAL, ID_PRODUCTO3, 50, 7686);
    
    #COMPRAS DE LA TIENDA, CARGA A ALMACEN CENTRAL
    INSERT INTO INV_MOVIMIENTOS (TIPO_MOVIMIENTO_ID, FECHA_MOVIMIENTO, FECHA_CREACION, TIPO_DOCUMENTO_ID, NUMERO_DOCUMENTO, ALMACEN_ID, PRODUCTO_ID, CANTIDAD, VALOR)
    VALUES (1,  STR_TO_DATE('2025-02-01 12:30:00','%Y-%m-%d %H:%i:%s'), NOW(), 1, "Z0906284C", ID_ALMACEN_CENTRAL, ID_PRODUCTO4, 2000, 3541);
    INSERT INTO INV_MOVIMIENTOS (TIPO_MOVIMIENTO_ID, FECHA_MOVIMIENTO, FECHA_CREACION, TIPO_DOCUMENTO_ID, NUMERO_DOCUMENTO, ALMACEN_ID, PRODUCTO_ID, CANTIDAD, VALOR)
    VALUES (1,  STR_TO_DATE('2025-02-05 12:30:00','%Y-%m-%d %H:%i:%s'), NOW(), 1, "R4378821E", ID_ALMACEN_CENTRAL, ID_PRODUCTO4, 3000, 3541);
    INSERT INTO INV_MOVIMIENTOS (TIPO_MOVIMIENTO_ID, FECHA_MOVIMIENTO, FECHA_CREACION, TIPO_DOCUMENTO_ID, NUMERO_DOCUMENTO, ALMACEN_ID, PRODUCTO_ID, CANTIDAD, VALOR)
    VALUES (1,  STR_TO_DATE('2025-02-10 12:30:00','%Y-%m-%d %H:%i:%s'), NOW(), 1, "48931584G", ID_ALMACEN_CENTRAL, ID_PRODUCTO4, 2500, 3541);

    #COMPRAS DE LA TIENDA, CARGA A ALMACEN CENTRAL
    INSERT INTO INV_MOVIMIENTOS (TIPO_MOVIMIENTO_ID, FECHA_MOVIMIENTO, FECHA_CREACION, TIPO_DOCUMENTO_ID, NUMERO_DOCUMENTO, ALMACEN_ID, PRODUCTO_ID, CANTIDAD, VALOR)
    VALUES (1,  STR_TO_DATE('2025-02-05 13:30:00','%Y-%m-%d %H:%i:%s'), NOW(), 1, "X8121169F", ID_ALMACEN_CENTRAL, ID_PRODUCTO5, 700, 4902);
    INSERT INTO INV_MOVIMIENTOS (TIPO_MOVIMIENTO_ID, FECHA_MOVIMIENTO, FECHA_CREACION, TIPO_DOCUMENTO_ID, NUMERO_DOCUMENTO, ALMACEN_ID, PRODUCTO_ID, CANTIDAD, VALOR)
    VALUES (1,  STR_TO_DATE('2025-02-07 13:30:00','%Y-%m-%d %H:%i:%s'), NOW(), 1, "G67840413", ID_ALMACEN_CENTRAL, ID_PRODUCTO5, 800, 4902);
    INSERT INTO INV_MOVIMIENTOS (TIPO_MOVIMIENTO_ID, FECHA_MOVIMIENTO, FECHA_CREACION, TIPO_DOCUMENTO_ID, NUMERO_DOCUMENTO, ALMACEN_ID, PRODUCTO_ID, CANTIDAD, VALOR)
    VALUES (1,  STR_TO_DATE('2025-02-09 13:30:00','%Y-%m-%d %H:%i:%s'), NOW(), 1, "00842769A", ID_ALMACEN_CENTRAL, ID_PRODUCTO5, 400, 4902);

    #COMPRAS DE LA TIENDA, CARGA A ALMACEN CENTRAL
    INSERT INTO INV_MOVIMIENTOS (TIPO_MOVIMIENTO_ID, FECHA_MOVIMIENTO, FECHA_CREACION, TIPO_DOCUMENTO_ID, NUMERO_DOCUMENTO, ALMACEN_ID, PRODUCTO_ID, CANTIDAD, VALOR)
    VALUES (1,  STR_TO_DATE('2025-02-15 14:30:00','%Y-%m-%d %H:%i:%s'), NOW(), 1, "Z8907606X", ID_ALMACEN_CENTRAL, ID_PRODUCTO6, 10, 3029);
    INSERT INTO INV_MOVIMIENTOS (TIPO_MOVIMIENTO_ID, FECHA_MOVIMIENTO, FECHA_CREACION, TIPO_DOCUMENTO_ID, NUMERO_DOCUMENTO, ALMACEN_ID, PRODUCTO_ID, CANTIDAD, VALOR)
    VALUES (1,  STR_TO_DATE('2025-02-17 14:30:00','%Y-%m-%d %H:%i:%s'), NOW(), 1, "A97718993", ID_ALMACEN_CENTRAL, ID_PRODUCTO6, 15, 3029);
    INSERT INTO INV_MOVIMIENTOS (TIPO_MOVIMIENTO_ID, FECHA_MOVIMIENTO, FECHA_CREACION, TIPO_DOCUMENTO_ID, NUMERO_DOCUMENTO, ALMACEN_ID, PRODUCTO_ID, CANTIDAD, VALOR)
    VALUES (1,  STR_TO_DATE('2025-02-20 14:30:00','%Y-%m-%d %H:%i:%s'), NOW(), 1, "79882168V", ID_ALMACEN_CENTRAL, ID_PRODUCTO6, 20, 3029);

    #COMPRAS DE LA TIENDA, CARGA A ALMACEN CENTRAL
    INSERT INTO INV_MOVIMIENTOS (TIPO_MOVIMIENTO_ID, FECHA_MOVIMIENTO, FECHA_CREACION, TIPO_DOCUMENTO_ID, NUMERO_DOCUMENTO, ALMACEN_ID, PRODUCTO_ID, CANTIDAD, VALOR)
    VALUES (1,  STR_TO_DATE('2025-02-20 15:30:00','%Y-%m-%d %H:%i:%s'), NOW(), 1, "Z4661162X", ID_ALMACEN_CENTRAL, ID_PRODUCTO7, 100, 4499);
    INSERT INTO INV_MOVIMIENTOS (TIPO_MOVIMIENTO_ID, FECHA_MOVIMIENTO, FECHA_CREACION, TIPO_DOCUMENTO_ID, NUMERO_DOCUMENTO, ALMACEN_ID, PRODUCTO_ID, CANTIDAD, VALOR)
    VALUES (1,  STR_TO_DATE('2025-02-22 15:30:00','%Y-%m-%d %H:%i:%s'), NOW(), 1, "A45899911", ID_ALMACEN_CENTRAL, ID_PRODUCTO7, 100, 4499);
    INSERT INTO INV_MOVIMIENTOS (TIPO_MOVIMIENTO_ID, FECHA_MOVIMIENTO, FECHA_CREACION, TIPO_DOCUMENTO_ID, NUMERO_DOCUMENTO, ALMACEN_ID, PRODUCTO_ID, CANTIDAD, VALOR)
    VALUES (1,  STR_TO_DATE('2025-02-24 15:30:00','%Y-%m-%d %H:%i:%s'), NOW(), 1, "Y9551960M", ID_ALMACEN_CENTRAL, ID_PRODUCTO7, 400, 4499);

    #COMPRAS DE LA TIENDA, CARGA A ALMACEN CENTRAL
    INSERT INTO INV_MOVIMIENTOS (TIPO_MOVIMIENTO_ID, FECHA_MOVIMIENTO, FECHA_CREACION, TIPO_DOCUMENTO_ID, NUMERO_DOCUMENTO, ALMACEN_ID, PRODUCTO_ID, CANTIDAD, VALOR)
    VALUES (1,  STR_TO_DATE('2025-03-05 18:30:00','%Y-%m-%d %H:%i:%s'), NOW(), 1, "68909701E", ID_ALMACEN_CENTRAL, ID_PRODUCTO8, 400, 5299);
    INSERT INTO INV_MOVIMIENTOS (TIPO_MOVIMIENTO_ID, FECHA_MOVIMIENTO, FECHA_CREACION, TIPO_DOCUMENTO_ID, NUMERO_DOCUMENTO, ALMACEN_ID, PRODUCTO_ID, CANTIDAD, VALOR)
    VALUES (1,  STR_TO_DATE('2025-03-10 18:30:00','%Y-%m-%d %H:%i:%s'), NOW(), 1, "X1305418F", ID_ALMACEN_CENTRAL, ID_PRODUCTO8, 300, 5299);
    INSERT INTO INV_MOVIMIENTOS (TIPO_MOVIMIENTO_ID, FECHA_MOVIMIENTO, FECHA_CREACION, TIPO_DOCUMENTO_ID, NUMERO_DOCUMENTO, ALMACEN_ID, PRODUCTO_ID, CANTIDAD, VALOR)
    VALUES (1,  STR_TO_DATE('2025-03-11 18:30:00','%Y-%m-%d %H:%i:%s'), NOW(), 1, "J42893040", ID_ALMACEN_CENTRAL, ID_PRODUCTO8, 200, 5299);

    #COMPRAS DE LA TIENDA, CARGA A ALMACEN CENTRAL
    INSERT INTO INV_MOVIMIENTOS (TIPO_MOVIMIENTO_ID, FECHA_MOVIMIENTO, FECHA_CREACION, TIPO_DOCUMENTO_ID, NUMERO_DOCUMENTO, ALMACEN_ID, PRODUCTO_ID, CANTIDAD, VALOR)
    VALUES (1,  STR_TO_DATE('2025-03-07 10:30:00','%Y-%m-%d %H:%i:%s'), NOW(), 1, "85804945H", ID_ALMACEN_CENTRAL, ID_PRODUCTO9, 300, 2599);
    INSERT INTO INV_MOVIMIENTOS (TIPO_MOVIMIENTO_ID, FECHA_MOVIMIENTO, FECHA_CREACION, TIPO_DOCUMENTO_ID, NUMERO_DOCUMENTO, ALMACEN_ID, PRODUCTO_ID, CANTIDAD, VALOR)
    VALUES (1,  STR_TO_DATE('2025-03-09 10:30:00','%Y-%m-%d %H:%i:%s'), NOW(), 1, "X4435359Q", ID_ALMACEN_CENTRAL, ID_PRODUCTO9, 300, 2599);
    INSERT INTO INV_MOVIMIENTOS (TIPO_MOVIMIENTO_ID, FECHA_MOVIMIENTO, FECHA_CREACION, TIPO_DOCUMENTO_ID, NUMERO_DOCUMENTO, ALMACEN_ID, PRODUCTO_ID, CANTIDAD, VALOR)
    VALUES (1,  STR_TO_DATE('2025-03-13 10:30:00','%Y-%m-%d %H:%i:%s'), NOW(), 1, "B93678761", ID_ALMACEN_CENTRAL, ID_PRODUCTO9, 200, 2599);

    #COMPRAS DE LA TIENDA, CARGA A ALMACEN CENTRAL
    INSERT INTO INV_MOVIMIENTOS (TIPO_MOVIMIENTO_ID, FECHA_MOVIMIENTO, FECHA_CREACION, TIPO_DOCUMENTO_ID, NUMERO_DOCUMENTO, ALMACEN_ID, PRODUCTO_ID, CANTIDAD, VALOR)
    VALUES (1,  STR_TO_DATE('2025-03-15 14:30:00','%Y-%m-%d %H:%i:%s'), NOW(), 1, "75178075E", ID_ALMACEN_CENTRAL, ID_PRODUCTO10, 500, 3099);
    INSERT INTO INV_MOVIMIENTOS (TIPO_MOVIMIENTO_ID, FECHA_MOVIMIENTO, FECHA_CREACION, TIPO_DOCUMENTO_ID, NUMERO_DOCUMENTO, ALMACEN_ID, PRODUCTO_ID, CANTIDAD, VALOR)
    VALUES (1,  STR_TO_DATE('2025-03-22 14:30:00','%Y-%m-%d %H:%i:%s'), NOW(), 1, "Y5798789C", ID_ALMACEN_CENTRAL, ID_PRODUCTO10, 400, 3099);
    INSERT INTO INV_MOVIMIENTOS (TIPO_MOVIMIENTO_ID, FECHA_MOVIMIENTO, FECHA_CREACION, TIPO_DOCUMENTO_ID, NUMERO_DOCUMENTO, ALMACEN_ID, PRODUCTO_ID, CANTIDAD, VALOR)
    VALUES (1,  STR_TO_DATE('2025-03-30 14:30:00','%Y-%m-%d %H:%i:%s'), NOW(), 1, "B53808465", ID_ALMACEN_CENTRAL, ID_PRODUCTO10, 600, 3099);
END $$

DELIMITER ;

